S.No,Date,Url,Keyword,City,Position
1,2020-11-10,danmartinez.com,179D commercial energy efficiency  ,Houston,21
2,2020-11-10,danmartinez.com,Predominant Use Study  ,Houston,21
3,2020-11-10,danmartinez.com,Predominant Use Studies  ,Houston,21
4,2020-11-10,danmartinez.com,Texas Predominant Use Study  ,Houston,21
5,2020-11-10,danmartinez.com,Refund Review  ,Houston,21
6,2020-11-10,danmartinez.com,Audit Reduction  ,Houston,21
7,2020-11-10,danmartinez.com,Audit Defense  ,Houston,21
8,2020-11-10,danmartinez.com,Managed Audit Services  ,Houston,21
9,2020-11-10,danmartinez.com,RESEARCH & DEVELOPMENT TAX CREDIT BACKGROUND  ,Houston,21
10,2020-11-10,danmartinez.com,Building Tax Deduction  ,Houston,21
11,2020-11-10,danmartinez.com,Cost segregation study  ,Houston,21
12,2020-11-10,danmartinez.com,Economic & Tax Incentive Services  ,Houston,21
13,2020-11-10,danmartinez.com,Franchise Tax Services  ,Houston,21
14,2020-11-10,danmartinez.com,IC-Disc (Export Tax Incentive)  ,Houston,21
15,2020-11-10,danmartinez.com,EXPORT TAX INCENTIVE PROGRAM IC-DISC  ,Houston,21
16,2020-11-10,danmartinez.com,R&D Tax Credit  ,Houston,21
17,2020-11-10,danmartinez.com,Reverse audit  ,Houston,21
18,2020-11-10,danmartinez.com,Sales & Use Tax  ,Houston,21
